flyerId,storeName,storeAddress,productName,brand,salePrice,regularPrice,unitSize,validUnit,imageUrl,validFrom,validTo,category,postalCode
7748922,"Walmart","N/A","TWIZZLERS GUMMIES Strawberry","N/A",$3.98,N/A,"N/A",each,"N/A",2026-01-29T00:00:00-05:00,2026-02-04T23:59:59-05:00,"N/A",T2P3M3
7748922,"Walmart","N/A","McCain fries","N/A",$5.67,N/A,"N/A",each,"N/A",2026-01-29T00:00:00-05:00,2026-02-04T23:59:59-05:00,"N/A",T2P3M3
7748922,"Walmart","N/A","Delicious Kitchen coconut milk","N/A",$1.28,$1.47,"N/A",each,"N/A",2026-01-29T00:00:00-05:00,2026-02-04T23:59:59-05:00,"N/A",T2P3M3
7748922,"Walmart","N/A","SpongeTowels UltraPRO Choose-A-Size 8 = 24 paper towels","N/A",$21.97,N/A,"N/A",each,"N/A",2026-01-29T00:00:00-05:00,2026-02-04T23:59:59-05:00,"N/A",T2P3M3
7748922,"Walmart","N/A","Trensité whole milk powder 500 g","N/A",$8.88,$12.97,"N/A",each,"N/A",2026-01-29T00:00:00-05:00,2026-02-04T23:59:59-05:00,"N/A",T2P3M3
7748922,"Walmart","N/A","Delicious Kitchen coconut milk","N/A",$1.28,$1.47,"N/A",each,"N/A",2026-01-29T00:00:00-05:00,2026-02-04T23:59:59-05:00,"N/A",T2P3M3
7739584,"UFA Co-operative Limited","N/A","Saltec Salt Products","N/A",$9.49,$9.99,"N/A",each,"N/A",2026-01-29T00:00:00-05:00,2026-02-16T23:59:59-05:00,"N/A",T2P3M3
7739584,"UFA Co-operative Limited","N/A","Garden Seeds Available at UFA","N/A",$3.29,N/A,"N/A",each,"N/A",2026-01-29T00:00:00-05:00,2026-02-16T23:59:59-05:00,"N/A",T2P3M3
7739584,"UFA Co-operative Limited","N/A","1x6x8' Rough Lumber","N/A",$4.04,$4.49,"N/A",each,"N/A",2026-01-29T00:00:00-05:00,2026-02-16T23:59:59-05:00,"N/A",T2P3M3
7739584,"UFA Co-operative Limited","N/A","Whole or Cracked Corn","N/A",N/A,N/A,"N/A",each,"N/A",2026-01-29T00:00:00-05:00,2026-02-16T23:59:59-05:00,"N/A",T2P3M3
7739584,"UFA Co-operative Limited","N/A","Tip Top Cat or Dog Food","N/A",$34.99,N/A,"N/A",each,"N/A",2026-01-29T00:00:00-05:00,2026-02-16T23:59:59-05:00,"N/A",T2P3M3
7739584,"UFA Co-operative Limited","N/A","UFA Shavings","N/A",$10.99,N/A,"N/A",each,"N/A",2026-01-29T00:00:00-05:00,2026-02-16T23:59:59-05:00,"N/A",T2P3M3
7739584,"UFA Co-operative Limited","N/A","Dewalt Select 20V Max XR Tools","N/A",$249.99,$359.99,"N/A",each,"N/A",2026-01-29T00:00:00-05:00,2026-02-16T23:59:59-05:00,"N/A",T2P3M3
7739584,"UFA Co-operative Limited","N/A","Edge Line Sheep & Goat Panel","N/A",$89.95,$99.95,"N/A",each,"N/A",2026-01-29T00:00:00-05:00,2026-02-16T23:59:59-05:00,"N/A",T2P3M3
7739584,"UFA Co-operative Limited","N/A","Propane Cylinder","N/A",$8.79,$10.99,"N/A",each,"N/A",2026-01-29T00:00:00-05:00,2026-02-16T23:59:59-05:00,"N/A",T2P3M3
7739584,"UFA Co-operative Limited","N/A","Master Lock","N/A",$10.62,$12.49,"N/A",each,"N/A",2026-01-29T00:00:00-05:00,2026-02-16T23:59:59-05:00,"N/A",T2P3M3
7739584,"UFA Co-operative Limited","N/A","Jerry Cans","N/A",$11.19,$13.99,"N/A",each,"N/A",2026-01-29T00:00:00-05:00,2026-02-16T23:59:59-05:00,"N/A",T2P3M3
7739584,"UFA Co-operative Limited","N/A","Suet","N/A",$3.59,$4.49,"N/A",each,"N/A",2026-01-29T00:00:00-05:00,2026-02-16T23:59:59-05:00,"N/A",T2P3M3
7739584,"UFA Co-operative Limited","N/A","Engines","N/A",$604.99,$654.99,"N/A",each,"N/A",2026-01-29T00:00:00-05:00,2026-02-16T23:59:59-05:00,"N/A",T2P3M3
7739584,"UFA Co-operative Limited","N/A","Black Oil Sunflower Seed","N/A",$24.99,N/A,"N/A",each,"N/A",2026-01-29T00:00:00-05:00,2026-02-16T23:59:59-05:00,"N/A",T2P3M3
7739584,"UFA Co-operative Limited","N/A","Rolled Oats & Rolled Oats With Molasses","N/A",N/A,N/A,"N/A",each,"N/A",2026-01-29T00:00:00-05:00,2026-02-16T23:59:59-05:00,"N/A",T2P3M3
7739584,"UFA Co-operative Limited","N/A","Wundercat Cat Litter","N/A",$19.19,$23.99,"N/A",each,"N/A",2026-01-29T00:00:00-05:00,2026-02-16T23:59:59-05:00,"N/A",T2P3M3
7739584,"UFA Co-operative Limited","N/A","Battery Accessories","N/A",$2.24,$2.49,"N/A",each,"N/A",2026-01-29T00:00:00-05:00,2026-02-16T23:59:59-05:00,"N/A",T2P3M3
7739584,"UFA Co-operative Limited","N/A","Water Exchange Program","N/A",N/A,N/A,"N/A",each,"N/A",2026-01-29T00:00:00-05:00,2026-02-16T23:59:59-05:00,"N/A",T2P3M3
7739584,"UFA Co-operative Limited","N/A","12V Interstate Batteries","N/A",$89.99,$99.99,"N/A",each,"N/A",2026-01-29T00:00:00-05:00,2026-02-16T23:59:59-05:00,"N/A",T2P3M3
7739584,"UFA Co-operative Limited","N/A","PROSTOCK Poultry Feed","N/A",N/A,N/A,"N/A",each,"N/A",2026-01-29T00:00:00-05:00,2026-02-16T23:59:59-05:00,"N/A",T2P3M3
7739584,"UFA Co-operative Limited","N/A","13' x20' x12' Garage in a Box","N/A",$699.99,$999.99,"N/A",each,"N/A",2026-01-29T00:00:00-05:00,2026-02-16T23:59:59-05:00,"N/A",T2P3M3
7739584,"UFA Co-operative Limited","N/A","Ice Melt & Sandbags","N/A",$9.99,N/A,"N/A",each,"N/A",2026-01-29T00:00:00-05:00,2026-02-16T23:59:59-05:00,"N/A",T2P3M3
7739584,"UFA Co-operative Limited","N/A","Light Bulbs","N/A",$14.99,$19.99,"N/A",each,"N/A",2026-01-29T00:00:00-05:00,2026-02-16T23:59:59-05:00,"N/A",T2P3M3
7739584,"UFA Co-operative Limited","N/A","Pharma-Vet Mineral Oil","N/A",$37.79,$41.99,"N/A",each,"N/A",2026-01-29T00:00:00-05:00,2026-02-16T23:59:59-05:00,"N/A",T2P3M3
7739584,"UFA Co-operative Limited","N/A","Dewalt 20V Max Heat Gun","N/A",$129.99,$169.99,"N/A",each,"N/A",2026-01-29T00:00:00-05:00,2026-02-16T23:59:59-05:00,"N/A",T2P3M3
7739584,"UFA Co-operative Limited","N/A","ProTech Knit Wrist Lined Gloves","N/A",$22.09,$25.99,"N/A",each,"N/A",2026-01-29T00:00:00-05:00,2026-02-16T23:59:59-05:00,"N/A",T2P3M3
7739584,"UFA Co-operative Limited","N/A","Post Pounder Parts","N/A",N/A,N/A,"N/A",each,"N/A",2026-01-29T00:00:00-05:00,2026-02-16T23:59:59-05:00,"N/A",T2P3M3
7739584,"UFA Co-operative Limited","N/A","Black Iron Fittings","N/A",$1.59,N/A,"N/A",each,"N/A",2026-01-29T00:00:00-05:00,2026-02-16T23:59:59-05:00,"N/A",T2P3M3
7739584,"UFA Co-operative Limited","N/A","1x4 Strapping","N/A",$3.32,$3.69,"N/A",each,"N/A",2026-01-29T00:00:00-05:00,2026-02-16T23:59:59-05:00,"N/A",T2P3M3
7739584,"UFA Co-operative Limited","N/A","4.25x7' Dowelled Posts","N/A",N/A,N/A,"N/A",each,"N/A",2026-01-29T00:00:00-05:00,2026-02-16T23:59:59-05:00,"N/A",T2P3M3
7739584,"UFA Co-operative Limited","N/A","RFID Beef Ear Tags","N/A",N/A,N/A,"N/A",each,"N/A",2026-01-29T00:00:00-05:00,2026-02-16T23:59:59-05:00,"N/A",T2P3M3
7739584,"UFA Co-operative Limited","N/A","Precision Canada Horse Rugs","N/A",$108.00,$135.00,"N/A",each,"N/A",2026-01-29T00:00:00-05:00,2026-02-16T23:59:59-05:00,"N/A",T2P3M3
7739584,"UFA Co-operative Limited","N/A","Vet Wrap","N/A",N/A,N/A,"N/A",each,"N/A",2026-01-29T00:00:00-05:00,2026-02-16T23:59:59-05:00,"N/A",T2P3M3
7739584,"UFA Co-operative Limited","N/A","Tough Duck Jackets","N/A",$47.99,$59.99,"N/A",each,"N/A",2026-01-29T00:00:00-05:00,2026-02-16T23:59:59-05:00,"N/A",T2P3M3
7739584,"UFA Co-operative Limited","N/A","Dewalt Spade Bit Set","N/A",$20.99,$29.99,"N/A",each,"N/A",2026-01-29T00:00:00-05:00,2026-02-16T23:59:59-05:00,"N/A",T2P3M3
7739584,"UFA Co-operative Limited","N/A","Engine Parts & Accessories","N/A",$15.99,$19.99,"N/A",each,"N/A",2026-01-29T00:00:00-05:00,2026-02-16T23:59:59-05:00,"N/A",T2P3M3
7739584,"UFA Co-operative Limited","N/A","Diatomaceous Earth","N/A",$44.09,$48.99,"N/A",each,"N/A",2026-01-29T00:00:00-05:00,2026-02-16T23:59:59-05:00,"N/A",T2P3M3
7739584,"UFA Co-operative Limited","N/A","4.25x16' Dowelled Split Rails","N/A",N/A,N/A,"N/A",each,"N/A",2026-01-29T00:00:00-05:00,2026-02-16T23:59:59-05:00,"N/A",T2P3M3
7739584,"UFA Co-operative Limited","N/A","2x6 & 2x8 16' Rough Cut Lumber","N/A",$14.39,$15.99,"N/A",each,"N/A",2026-01-29T00:00:00-05:00,2026-02-16T23:59:59-05:00,"N/A",T2P3M3
7739584,"UFA Co-operative Limited","N/A","9.5' Edge Line Heavy Duty Corral Panel","N/A",$169.99,$199.99,"N/A",each,"N/A",2026-01-29T00:00:00-05:00,2026-02-16T23:59:59-05:00,"N/A",T2P3M3
7739584,"UFA Co-operative Limited","N/A","Tiger Torch Kits","N/A",$95.99,$119.99,"N/A",each,"N/A",2026-01-29T00:00:00-05:00,2026-02-16T23:59:59-05:00,"N/A",T2P3M3
7739584,"UFA Co-operative Limited","N/A","Garant Aluminum Scoop Shovel","N/A",$29.99,$39.99,"N/A",each,"N/A",2026-01-29T00:00:00-05:00,2026-02-16T23:59:59-05:00,"N/A",T2P3M3
7739584,"UFA Co-operative Limited","N/A","Heated Pet Water Bowl","N/A",$39.99,$54.99,"N/A",each,"N/A",2026-01-29T00:00:00-05:00,2026-02-16T23:59:59-05:00,"N/A",T2P3M3
7739584,"UFA Co-operative Limited","N/A","Old West Western Boots","N/A",$79.99,$99.99,"N/A",each,"N/A",2026-01-29T00:00:00-05:00,2026-02-16T23:59:59-05:00,"N/A",T2P3M3
7739584,"UFA Co-operative Limited","N/A","Smartlic Altosid Mineral Tub","N/A",$159.99,$169.99,"N/A",each,"N/A",2026-01-29T00:00:00-05:00,2026-02-16T23:59:59-05:00,"N/A",T2P3M3
7739584,"UFA Co-operative Limited","N/A","Kleen-flo Products","N/A",$3.19,$3.99,"N/A",each,"N/A",2026-01-29T00:00:00-05:00,2026-02-16T23:59:59-05:00,"N/A",T2P3M3
7739584,"UFA Co-operative Limited","N/A","Electric Twine Cutter","N/A",$259.99,$299.99,"N/A",each,"N/A",2026-01-29T00:00:00-05:00,2026-02-16T23:59:59-05:00,"N/A",T2P3M3
7739584,"UFA Co-operative Limited","N/A","Heat Tape","N/A",$5.09,$5.99,"N/A",each,"N/A",2026-01-29T00:00:00-05:00,2026-02-16T23:59:59-05:00,"N/A",T2P3M3
7739584,"UFA Co-operative Limited","N/A","50ML Repeater Syringe","N/A",$149.99,$159.99,"N/A",each,"N/A",2026-01-29T00:00:00-05:00,2026-02-16T23:59:59-05:00,"N/A",T2P3M3
7739584,"UFA Co-operative Limited","N/A","Adult & Kids' Sweatshirts","N/A",$30.39,$37.99,"N/A",each,"N/A",2026-01-29T00:00:00-05:00,2026-02-16T23:59:59-05:00,"N/A",T2P3M3
7739584,"UFA Co-operative Limited","N/A","LevAlert 7 Bin Indicator","N/A",$188.99,$209.99,"N/A",each,"N/A",2026-01-29T00:00:00-05:00,2026-02-16T23:59:59-05:00,"N/A",T2P3M3
7739584,"UFA Co-operative Limited","N/A","22LR Rifle Ammunition","N/A",$42.99,$62.99,"N/A",each,"N/A",2026-01-29T00:00:00-05:00,2026-02-16T23:59:59-05:00,"N/A",T2P3M3
7739584,"UFA Co-operative Limited","N/A","Dewalt Impact Driver Bit Sets with Carabiner","N/A",$8.99,$11.99,"N/A",each,"N/A",2026-01-29T00:00:00-05:00,2026-02-16T23:59:59-05:00,"N/A",T2P3M3
7739584,"UFA Co-operative Limited","N/A","Discharge Hose","N/A",$1.59,N/A,"N/A",each,"N/A",2026-01-29T00:00:00-05:00,2026-02-16T23:59:59-05:00,"N/A",T2P3M3
7739584,"UFA Co-operative Limited","N/A","Durafork With Handle","N/A",$34.95,N/A,"N/A",each,"N/A",2026-01-29T00:00:00-05:00,2026-02-16T23:59:59-05:00,"N/A",T2P3M3
7739584,"UFA Co-operative Limited","N/A","Red Hot or Cold War Hi-Vis Lined Gloves","N/A",$5.59,$6.99,"N/A",each,"N/A",2026-01-29T00:00:00-05:00,2026-02-16T23:59:59-05:00,"N/A",T2P3M3
7739584,"UFA Co-operative Limited","N/A","JM Fiberglass Insulation","N/A",$63.99,$79.99,"N/A",each,"N/A",2026-01-29T00:00:00-05:00,2026-02-16T23:59:59-05:00,"N/A",T2P3M3
7739584,"UFA Co-operative Limited","N/A","XL Bander","N/A",$174.99,$184.99,"N/A",each,"N/A",2026-01-29T00:00:00-05:00,2026-02-16T23:59:59-05:00,"N/A",T2P3M3
7739584,"UFA Co-operative Limited","N/A","Bottles, Pails & Pail Nipples","N/A",$1.86,$2.19,"N/A",each,"N/A",2026-01-29T00:00:00-05:00,2026-02-16T23:59:59-05:00,"N/A",T2P3M3
7739584,"UFA Co-operative Limited","N/A","Workwear & Footwear","N/A",N/A,N/A,"N/A",each,"N/A",2026-01-29T00:00:00-05:00,2026-02-16T23:59:59-05:00,"N/A",T2P3M3
7739584,"UFA Co-operative Limited","N/A","High Vis Apparel","N/A",$11.99,$14.99,"N/A",each,"N/A",2026-01-29T00:00:00-05:00,2026-02-16T23:59:59-05:00,"N/A",T2P3M3
7739584,"UFA Co-operative Limited","N/A","PROSTOCK Minerals","N/A",$47.99,N/A,"N/A",each,"N/A",2026-01-29T00:00:00-05:00,2026-02-16T23:59:59-05:00,"N/A",T2P3M3
7739584,"UFA Co-operative Limited","N/A","Select Equine One Products","N/A",$31.99,$39.99,"N/A",each,"N/A",2026-01-29T00:00:00-05:00,2026-02-16T23:59:59-05:00,"N/A",T2P3M3
7739584,"UFA Co-operative Limited","N/A","Heaters","N/A",$44.99,$49.99,"N/A",each,"N/A",2026-01-29T00:00:00-05:00,2026-02-16T23:59:59-05:00,"N/A",T2P3M3
7739584,"UFA Co-operative Limited","N/A","Adult & Kids' Toques","N/A",$10.39,$12.99,"N/A",each,"N/A",2026-01-29T00:00:00-05:00,2026-02-16T23:59:59-05:00,"N/A",T2P3M3
7739584,"UFA Co-operative Limited","N/A","Edge Line 10' Feeder Panel","N/A",$179.99,$199.99,"N/A",each,"N/A",2026-01-29T00:00:00-05:00,2026-02-16T23:59:59-05:00,"N/A",T2P3M3
7739584,"UFA Co-operative Limited","N/A","Ice Cleats","N/A",$13.87,$18.49,"N/A",each,"N/A",2026-01-29T00:00:00-05:00,2026-02-16T23:59:59-05:00,"N/A",T2P3M3
7739584,"UFA Co-operative Limited","N/A","Standard Fir Plywood","N/A",N/A,N/A,"N/A",each,"N/A",2026-01-29T00:00:00-05:00,2026-02-16T23:59:59-05:00,"N/A",T2P3M3
7739584,"UFA Co-operative Limited","N/A","Select Hoffman's Horse Feed & Supplements","N/A",N/A,N/A,"N/A",each,"N/A",2026-01-29T00:00:00-05:00,2026-02-16T23:59:59-05:00,"N/A",T2P3M3
7739584,"UFA Co-operative Limited","N/A","Black Steel Pipe","N/A",$8.99,N/A,"N/A",each,"N/A",2026-01-29T00:00:00-05:00,2026-02-16T23:59:59-05:00,"N/A",T2P3M3
7739584,"UFA Co-operative Limited","N/A","Fuel Transfer Pump Bundle","N/A",$969.99,$1049.99,"N/A",each,"N/A",2026-01-29T00:00:00-05:00,2026-02-16T23:59:59-05:00,"N/A",T2P3M3
7739584,"UFA Co-operative Limited","N/A","Custom Cladding Sheets","N/A",$4.09,N/A,"N/A",each,"N/A",2026-01-29T00:00:00-05:00,2026-02-16T23:59:59-05:00,"N/A",T2P3M3
7739584,"UFA Co-operative Limited","N/A","3-point Quick Hitch","N/A",$269.99,$299.99,"N/A",each,"N/A",2026-01-29T00:00:00-05:00,2026-02-16T23:59:59-05:00,"N/A",T2P3M3
7739584,"UFA Co-operative Limited","N/A","Adjustable Calf Catch","N/A",$149.99,$169.99,"N/A",each,"N/A",2026-01-29T00:00:00-05:00,2026-02-16T23:59:59-05:00,"N/A",T2P3M3
7739584,"UFA Co-operative Limited","N/A","Cow Magnet","N/A",$9.34,$10.99,"N/A",each,"N/A",2026-01-29T00:00:00-05:00,2026-02-16T23:59:59-05:00,"N/A",T2P3M3
7739584,"UFA Co-operative Limited","N/A","Cluckin' Good Meal Worms","N/A",$19.99,$24.99,"N/A",each,"N/A",2026-01-29T00:00:00-05:00,2026-02-16T23:59:59-05:00,"N/A",T2P3M3
7739584,"UFA Co-operative Limited","N/A","Wire Fence Panels","N/A",$24.99,$34.99,"N/A",each,"N/A",2026-01-29T00:00:00-05:00,2026-02-16T23:59:59-05:00,"N/A",T2P3M3
7739584,"UFA Co-operative Limited","N/A","Roper Kiltie Horseshoe","N/A",$103.99,$129.99,"N/A",each,"N/A",2026-01-29T00:00:00-05:00,2026-02-16T23:59:59-05:00,"N/A",T2P3M3
7739584,"UFA Co-operative Limited","N/A","Hippo Transport Tanks","N/A",$1599.00,$1699.00,"N/A",each,"N/A",2026-01-29T00:00:00-05:00,2026-02-16T23:59:59-05:00,"N/A",T2P3M3
7739584,"UFA Co-operative Limited","N/A","Gate Latches & Hinge Bolts","N/A",$14.99,N/A,"N/A",each,"N/A",2026-01-29T00:00:00-05:00,2026-02-16T23:59:59-05:00,"N/A",T2P3M3
7739584,"UFA Co-operative Limited","N/A","Ketchum Ear Tattooer Outfit","N/A",$168.99,$226.34,"N/A",each,"N/A",2026-01-29T00:00:00-05:00,2026-02-16T23:59:59-05:00,"N/A",T2P3M3
7739584,"UFA Co-operative Limited","N/A","Range Ward Razer™","N/A",$13795.00,N/A,"N/A",each,"N/A",2026-01-29T00:00:00-05:00,2026-02-16T23:59:59-05:00,"N/A",T2P3M3
7739584,"UFA Co-operative Limited","N/A","Berne Coveralls","N/A",$47.99,$59.99,"N/A",each,"N/A",2026-01-29T00:00:00-05:00,2026-02-16T23:59:59-05:00,"N/A",T2P3M3
7739584,"UFA Co-operative Limited","N/A","Blow-In Insulation","N/A",$15.74,$17.49,"N/A",each,"N/A",2026-01-29T00:00:00-05:00,2026-02-16T23:59:59-05:00,"N/A",T2P3M3
7739584,"UFA Co-operative Limited","N/A","CAT Socks & Headwear Bundle","N/A",$27.19,$33.99,"N/A",each,"N/A",2026-01-29T00:00:00-05:00,2026-02-16T23:59:59-05:00,"N/A",T2P3M3
7739584,"UFA Co-operative Limited","N/A","Edge Line Feeder Mesh Panel & Spiral Connector","N/A",$3.59,$3.99,"N/A",each,"N/A",2026-01-29T00:00:00-05:00,2026-02-16T23:59:59-05:00,"N/A",T2P3M3
7739584,"UFA Co-operative Limited","N/A","Winter Horse Blankets","N/A",$139.99,$159.99,"N/A",each,"N/A",2026-01-29T00:00:00-05:00,2026-02-16T23:59:59-05:00,"N/A",T2P3M3
7739584,"UFA Co-operative Limited","N/A","Cobit Horse Hoof Balance Tool","N/A",$168.75,$225.00,"N/A",each,"N/A",2026-01-29T00:00:00-05:00,2026-02-16T23:59:59-05:00,"N/A",T2P3M3
7739584,"UFA Co-operative Limited","N/A","Eagle 10,000 Welder/Generator","N/A",$7499.00,N/A,"N/A",each,"N/A",2026-01-29T00:00:00-05:00,2026-02-16T23:59:59-05:00,"N/A",T2P3M3
7739584,"UFA Co-operative Limited","N/A","Omega Alpha Horse Supplements","N/A",$18.90,$21.00,"N/A",each,"N/A",2026-01-29T00:00:00-05:00,2026-02-16T23:59:59-05:00,"N/A",T2P3M3
7739584,"UFA Co-operative Limited","N/A","CAT Men's Safety Boots","N/A",$175.99,$219.99,"N/A",each,"N/A",2026-01-29T00:00:00-05:00,2026-02-16T23:59:59-05:00,"N/A",T2P3M3
7739584,"UFA Co-operative Limited","N/A","Edge Line Bison & Cattle Fence","N/A",$569.96,$599.96,"N/A",each,"N/A",2026-01-29T00:00:00-05:00,2026-02-16T23:59:59-05:00,"N/A",T2P3M3
7739584,"UFA Co-operative Limited","N/A","UFA Lined Gloves","N/A",$8.79,$10.99,"N/A",each,"N/A",2026-01-29T00:00:00-05:00,2026-02-16T23:59:59-05:00,"N/A",T2P3M3
7739584,"UFA Co-operative Limited","N/A","Automotive Accessories","N/A",$1.61,$1.79,"N/A",each,"N/A",2026-01-29T00:00:00-05:00,2026-02-16T23:59:59-05:00,"N/A",T2P3M3
7739584,"UFA Co-operative Limited","N/A","4' X8'-1/4"" or 1/8"" Puckboards","N/A",$69.99,N/A,"N/A",each,"N/A",2026-01-29T00:00:00-05:00,2026-02-16T23:59:59-05:00,"N/A",T2P3M3
7739584,"UFA Co-operative Limited","N/A","Unlined Gloves","N/A",$4.99,N/A,"N/A",each,"N/A",2026-01-29T00:00:00-05:00,2026-02-16T23:59:59-05:00,"N/A",T2P3M3
7739584,"UFA Co-operative Limited","N/A","Bale Spears","N/A",$76.49,$89.99,"N/A",each,"N/A",2026-01-29T00:00:00-05:00,2026-02-16T23:59:59-05:00,"N/A",T2P3M3
7739584,"UFA Co-operative Limited","N/A","BOGS Rubber Boots","N/A",$83.99,$104.99,"N/A",each,"N/A",2026-01-29T00:00:00-05:00,2026-02-16T23:59:59-05:00,"N/A",T2P3M3
7739584,"UFA Co-operative Limited","N/A","4'-16' 2W Lemsco Gates & Panels","N/A",$152.99,$169.99,"N/A",each,"N/A",2026-01-29T00:00:00-05:00,2026-02-16T23:59:59-05:00,"N/A",T2P3M3
7739584,"UFA Co-operative Limited","N/A","Water Cartridge","N/A",$7.39,N/A,"N/A",each,"N/A",2026-01-29T00:00:00-05:00,2026-02-16T23:59:59-05:00,"N/A",T2P3M3
7739584,"UFA Co-operative Limited","N/A","Post Pounder Rental","N/A",$179.00,N/A,"N/A",each,"N/A",2026-01-29T00:00:00-05:00,2026-02-16T23:59:59-05:00,"N/A",T2P3M3
7739584,"UFA Co-operative Limited","N/A","Bag Balm","N/A",$16.64,$18.49,"N/A",each,"N/A",2026-01-29T00:00:00-05:00,2026-02-16T23:59:59-05:00,"N/A",T2P3M3
7739584,"UFA Co-operative Limited","N/A","Equest Horse Mineral Minipack or 8: 8 4PK","N/A",$18.99,$19.99,"N/A",each,"N/A",2026-01-29T00:00:00-05:00,2026-02-16T23:59:59-05:00,"N/A",T2P3M3
7739584,"UFA Co-operative Limited","N/A","Trouble Light","N/A",$39.99,$49.99,"N/A",each,"N/A",2026-01-29T00:00:00-05:00,2026-02-16T23:59:59-05:00,"N/A",T2P3M3
7739584,"UFA Co-operative Limited","N/A","Dewalt Right Angle Drill Attachment","N/A",$27.99,$37.99,"N/A",each,"N/A",2026-01-29T00:00:00-05:00,2026-02-16T23:59:59-05:00,"N/A",T2P3M3
7739584,"UFA Co-operative Limited","N/A","Tack Hardware","N/A",$1.99,$2.49,"N/A",each,"N/A",2026-01-29T00:00:00-05:00,2026-02-16T23:59:59-05:00,"N/A",T2P3M3
7739584,"UFA Co-operative Limited","N/A","PROSTOCK 2: 1 Mineral Tub","N/A",$119.99,$129.99,"N/A",each,"N/A",2026-01-29T00:00:00-05:00,2026-02-16T23:59:59-05:00,"N/A",T2P3M3
7739584,"UFA Co-operative Limited","N/A","Ketchum Characters, Set A-Z","N/A",$258.57,N/A,"N/A",each,"N/A",2026-01-29T00:00:00-05:00,2026-02-16T23:59:59-05:00,"N/A",T2P3M3
7739584,"UFA Co-operative Limited","N/A","Prairie & Magnum Funnel or Tombstone Feeder","N/A",$467.49,$549.99,"N/A",each,"N/A",2026-01-29T00:00:00-05:00,2026-02-16T23:59:59-05:00,"N/A",T2P3M3
7739584,"UFA Co-operative Limited","N/A","Food-grade Pail","N/A",$5.94,$6.99,"N/A",each,"N/A",2026-01-29T00:00:00-05:00,2026-02-16T23:59:59-05:00,"N/A",T2P3M3
7739584,"UFA Co-operative Limited","N/A","Cannonball Sliding Door Hardware","N/A",$4.95,$6.19,"N/A",each,"N/A",2026-01-29T00:00:00-05:00,2026-02-16T23:59:59-05:00,"N/A",T2P3M3
7739584,"UFA Co-operative Limited","N/A","Wheatheart Post Pounder","N/A",$21999.00,$22999.00,"N/A",each,"N/A",2026-01-29T00:00:00-05:00,2026-02-16T23:59:59-05:00,"N/A",T2P3M3
7739584,"UFA Co-operative Limited","N/A","Wall Plates & Covers","N/A",$0.84,$0.99,"N/A",each,"N/A",2026-01-29T00:00:00-05:00,2026-02-16T23:59:59-05:00,"N/A",T2P3M3
7739584,"UFA Co-operative Limited","N/A","Select Hoof Nippers","N/A",$34.20,$45.00,"N/A",each,"N/A",2026-01-29T00:00:00-05:00,2026-02-16T23:59:59-05:00,"N/A",T2P3M3
7739584,"UFA Co-operative Limited","N/A","De-icers & Bucket Heaters","N/A",$58.49,$64.99,"N/A",each,"N/A",2026-01-29T00:00:00-05:00,2026-02-16T23:59:59-05:00,"N/A",T2P3M3
7739584,"UFA Co-operative Limited","N/A","Dewalt 20V Max 5ah Battery 2PK","N/A",$219.99,$319.99,"N/A",each,"N/A",2026-01-29T00:00:00-05:00,2026-02-16T23:59:59-05:00,"N/A",T2P3M3
7739584,"UFA Co-operative Limited","N/A","Lonestar Solar GPS Ear Tag Tracker For cattle","N/A",$399.00,N/A,"N/A",each,"N/A",2026-01-29T00:00:00-05:00,2026-02-16T23:59:59-05:00,"N/A",T2P3M3
7739584,"UFA Co-operative Limited","N/A","Adult & Kids' Mitts","N/A",$15.99,$19.99,"N/A",each,"N/A",2026-01-29T00:00:00-05:00,2026-02-16T23:59:59-05:00,"N/A",T2P3M3
7739584,"UFA Co-operative Limited","N/A","Effluent Pumps","N/A",$206.99,$229.99,"N/A",each,"N/A",2026-01-29T00:00:00-05:00,2026-02-16T23:59:59-05:00,"N/A",T2P3M3
7739584,"UFA Co-operative Limited","N/A","Alfatec Cubes","N/A",N/A,N/A,"N/A",each,"N/A",2026-01-29T00:00:00-05:00,2026-02-16T23:59:59-05:00,"N/A",T2P3M3
7739584,"UFA Co-operative Limited","N/A","Hi-Pro COB","N/A",N/A,N/A,"N/A",each,"N/A",2026-01-29T00:00:00-05:00,2026-02-16T23:59:59-05:00,"N/A",T2P3M3
7739584,"UFA Co-operative Limited","N/A","Red Baron, Crazy Horse, or Scapegoat Lined Gloves","N/A",$12.79,$15.99,"N/A",each,"N/A",2026-01-29T00:00:00-05:00,2026-02-16T23:59:59-05:00,"N/A",T2P3M3
7739584,"UFA Co-operative Limited","N/A","Poultry Waterers","N/A",$4.31,$4.79,"N/A",each,"N/A",2026-01-29T00:00:00-05:00,2026-02-16T23:59:59-05:00,"N/A",T2P3M3
7739584,"UFA Co-operative Limited","N/A","Fill-Rite Fuel Hoses","N/A",$67.99,$79.99,"N/A",each,"N/A",2026-01-29T00:00:00-05:00,2026-02-16T23:59:59-05:00,"N/A",T2P3M3
7739584,"UFA Co-operative Limited","N/A","Upright Cylindrical Water Storage Tank","N/A",$499.99,$549.99,"N/A",each,"N/A",2026-01-29T00:00:00-05:00,2026-02-16T23:59:59-05:00,"N/A",T2P3M3
7739584,"UFA Co-operative Limited","N/A","Berne Jackets","N/A",$47.99,$59.99,"N/A",each,"N/A",2026-01-29T00:00:00-05:00,2026-02-16T23:59:59-05:00,"N/A",T2P3M3
7749951,"No Frills","N/A","FARMER'S MARKET™ SWEET PEPPERS","N/A",$4.99,N/A,"N/A",each,"N/A",2026-01-29T03:00:00-05:00,2026-02-04T23:59:59-05:00,"N/A",T2P3M3
7749951,"No Frills","N/A","PC® RED BREW DE-ALCOHOLIZED LAGER BEER, 12 x 355 ML","N/A",N/A,N/A,"N/A",each,"N/A",2026-01-29T03:00:00-05:00,2026-02-04T23:59:59-05:00,"N/A",T2P3M3
7749951,"No Frills","N/A","NO NAME® COMPOSTABLE KITCHEN BAGS, 20 ea","N/A",$6.19,N/A,"N/A",each,"N/A",2026-01-29T03:00:00-05:00,2026-02-04T23:59:59-05:00,"N/A",T2P3M3
7749951,"No Frills","N/A","PC® CHOCOLATE BARS, 300 g","N/A",N/A,N/A,"N/A",each,"N/A",2026-01-29T03:00:00-05:00,2026-02-04T23:59:59-05:00,"N/A",T2P3M3
7749951,"No Frills","N/A","NO NAME® NATURALLY IMPERFECT™ RED or RUSSET POTATOES","N/A",$7.00,N/A,"N/A",each,"N/A",2026-01-29T03:00:00-05:00,2026-02-04T23:59:59-05:00,"N/A",T2P3M3
7749951,"No Frills","N/A","NO NAME® CALIFORNIA MIXED VEGETABLES","N/A",N/A,N/A,"N/A",each,"N/A",2026-01-29T03:00:00-05:00,2026-02-04T23:59:59-05:00,"N/A",T2P3M3
7749951,"No Frills","N/A","FARMER'S MARKET™ ENGLISH CUCUMBERS, PKG OF 3 OR ROMAINE HEARTS, PKG OF 3","N/A",$4.99,N/A,"N/A",each,"N/A",2026-01-29T03:00:00-05:00,2026-02-04T23:59:59-05:00,"N/A",T2P3M3
7749951,"No Frills","N/A","LEAN GROUND BEEF, 2x450 g","N/A",$10.88,N/A,"N/A",each,"N/A",2026-01-29T03:00:00-05:00,2026-02-04T23:59:59-05:00,"N/A",T2P3M3
7735333,"The Brick","N/A","Devon 5pc Dining Set with Table & 4 Chairs - 60""W, Wood - Dark Brown","N/A",$595.95,N/A,"N/A",each,"N/A",2026-01-29T00:00:00-05:00,2026-02-09T23:59:59-05:00,"N/A",T2P3M3
7735333,"The Brick","N/A","Jaye 7pc Dining Set with Table & 6 Chairs, Glass Top, Pedestal Base, 63""W - Grey & White","N/A",$1099.95,N/A,"N/A",each,"N/A",2026-01-29T00:00:00-05:00,2026-02-09T23:59:59-05:00,"N/A",T2P3M3
7735333,"The Brick","N/A","LG 5.2 Cu. Ft. Smart Front-Load High-Efficiency Steam Washer - White - Stackable - WM3600HWA","N/A",$1045.00,N/A,"N/A",each,"N/A",2026-01-29T00:00:00-05:00,2026-02-09T23:59:59-05:00,"N/A",T2P3M3
7735333,"The Brick","N/A","Samsung 7.5 Cu. Ft. Electric Dryer - White - Stackable - DVE45T6005W/AC","N/A",$845.00,N/A,"N/A",each,"N/A",2026-01-29T00:00:00-05:00,2026-02-09T23:59:59-05:00,"N/A",T2P3M3
7748900,"Calgary Co-op","N/A","Beef Burgers","N/A",$14.99,N/A,"N/A",each,"N/A",2026-01-29T00:00:00-05:00,2026-02-04T23:59:59-05:00,"N/A",T2P3M3
7748900,"Calgary Co-op","N/A","Beef Simmering or Braising Short Ribs","N/A",$12.99,N/A,"N/A",each,"N/A",2026-01-29T00:00:00-05:00,2026-02-04T23:59:59-05:00,"N/A",T2P3M3
7748900,"Calgary Co-op","N/A","Thick Cut Bacon","N/A",$12.79,$14.99,"N/A",each,"N/A",2026-01-29T00:00:00-05:00,2026-02-04T23:59:59-05:00,"N/A",T2P3M3